{"_class":"document","do_objectID":"63166FD1-E5CB-4415-932A-68A867B33CF5","assets":{"_class":"assetCollection","colorAssets":[{"_class":"MSImmutableColorAsset","color":{"_class":"color","alpha":1,"blue":0.2392156862745098,"green":0.3098039215686274,"red":0.9058823529411765}},{"_class":"MSImmutableColorAsset","color":{"_class":"color","alpha":1,"blue":0,"green":0,"red":0}}],"gradientAssets":[],"imageCollection":{"_class":"imageCollection","images":{}},"images":[],"colors":[{"_class":"color","alpha":1,"blue":0.2392156862745098,"green":0.3098039215686274,"red":0.9058823529411765},{"_class":"color","alpha":1,"blue":0,"green":0,"red":0}],"gradients":[]},"colorSpace":0,"currentPageIndex":0,"foreignLayerStyles":[],"foreignSymbols":[],"foreignTextStyles":[],"layerStyles":{"_class":"sharedStyleContainer","objects":[]},"layerSymbols":{"_class":"symbolContainer","objects":[]},"layerTextStyles":{"_class":"sharedTextStyleContainer","objects":[{"_class":"sharedStyle","do_objectID":"8ED1DFDF-DFF2-42D1-BD43-3558439A68F3","name":"Text: H1","value":{"_class":"style","endMarkerType":0,"miterLimit":10,"startMarkerType":0,"textStyle":{"_class":"textStyle","encodedAttributes":{"MSAttributedStringFontAttribute":{"_class":"fontDescriptor","attributes":{"name":"Oswald-Medium","size":36}},"MSAttributedStringColorAttribute":{"_class":"color","alpha":1,"blue":0.2902374566,"green":0.2901752889,"red":0.2902216315},"paragraphStyle":{"_class":"paragraphStyle","allowsDefaultTighteningForTruncation":0}},"verticalAlignment":0},"windingRule":1}},{"_class":"sharedStyle","do_objectID":"17DEBC2B-4F49-4824-AE4D-D06C4A26C955","name":"Text: Introduction Text","value":{"_class":"style","endMarkerType":0,"miterLimit":10,"startMarkerType":0,"textStyle":{"_class":"textStyle","encodedAttributes":{"MSAttributedStringFontAttribute":{"_class":"fontDescriptor","attributes":{"name":"OpenSans","size":18}},"MSAttributedStringColorAttribute":{"_class":"color","alpha":1,"blue":0.2902374566,"green":0.2901752889,"red":0.2902216315},"paragraphStyle":{"_class":"paragraphStyle","maximumLineHeight":26,"minimumLineHeight":26,"allowsDefaultTighteningForTruncation":0}},"verticalAlignment":0},"windingRule":1}},{"_class":"sharedStyle","do_objectID":"8AB6138B-0662-4B06-827B-BC9D597013EC","name":"Text: H2","value":{"_class":"style","endMarkerType":0,"miterLimit":10,"startMarkerType":0,"textStyle":{"_class":"textStyle","encodedAttributes":{"MSAttributedStringFontAttribute":{"_class":"fontDescriptor","attributes":{"name":"OpenSans-Bold","size":30}},"MSAttributedStringColorAttribute":{"_class":"color","alpha":1,"blue":0.2902374566,"green":0.2901752889,"red":0.2902216315},"paragraphStyle":{"_class":"paragraphStyle","allowsDefaultTighteningForTruncation":0}},"verticalAlignment":0},"windingRule":1}},{"_class":"sharedStyle","do_objectID":"DE7F560C-07DF-4A7C-A810-A51472C0BB67","name":"Text: Body","value":{"_class":"style","endMarkerType":0,"miterLimit":10,"startMarkerType":0,"textStyle":{"_class":"textStyle","encodedAttributes":{"MSAttributedStringFontAttribute":{"_class":"fontDescriptor","attributes":{"name":"OpenSans","size":14}},"MSAttributedStringColorAttribute":{"_class":"color","alpha":1,"blue":0.2902374566,"green":0.2901752889,"red":0.2902216315},"paragraphStyle":{"_class":"paragraphStyle","maximumLineHeight":20,"minimumLineHeight":20,"paragraphSpacing":10,"allowsDefaultTighteningForTruncation":0}},"verticalAlignment":0},"windingRule":1}},{"_class":"sharedStyle","do_objectID":"C08D5B10-28BB-4AA5-9F36-9F3877518885","name":"Text: H3","value":{"_class":"style","endMarkerType":0,"miterLimit":10,"startMarkerType":0,"textStyle":{"_class":"textStyle","encodedAttributes":{"MSAttributedStringFontAttribute":{"_class":"fontDescriptor","attributes":{"name":"Oswald-Bold","size":24}},"MSAttributedStringColorAttribute":{"_class":"color","alpha":1,"blue":0.2902374566,"green":0.2901752889,"red":0.2902216315},"paragraphStyle":{"_class":"paragraphStyle","allowsDefaultTighteningForTruncation":0}},"verticalAlignment":0},"windingRule":1}},{"_class":"sharedStyle","do_objectID":"D336D87C-47ED-4B58-9957-3C0B3316C3DA","name":"Text: H4","value":{"_class":"style","endMarkerType":0,"miterLimit":10,"startMarkerType":0,"textStyle":{"_class":"textStyle","encodedAttributes":{"MSAttributedStringFontAttribute":{"_class":"fontDescriptor","attributes":{"name":"Oswald-Regular","size":20}},"MSAttributedStringColorAttribute":{"_class":"color","alpha":1,"blue":0,"green":0,"red":0},"MSAttributedStringTextTransformAttribute":1,"paragraphStyle":{"_class":"paragraphStyle","alignment":2,"maximumLineHeight":24,"minimumLineHeight":24,"allowsDefaultTighteningForTruncation":0}},"verticalAlignment":0},"windingRule":1}},{"_class":"sharedStyle","do_objectID":"66D2E132-E3E0-4533-B232-EFA67B6DC1E9","name":"Text: H5","value":{"_class":"style","endMarkerType":0,"miterLimit":10,"startMarkerType":0,"textStyle":{"_class":"textStyle","encodedAttributes":{"MSAttributedStringFontAttribute":{"_class":"fontDescriptor","attributes":{"name":"Oswald-Regular","size":14}},"MSAttributedStringColorAttribute":{"_class":"color","alpha":1,"blue":0,"green":0,"red":0},"MSAttributedStringTextTransformAttribute":1,"paragraphStyle":{"_class":"paragraphStyle","alignment":2,"allowsDefaultTighteningForTruncation":0}},"verticalAlignment":0},"windingRule":1}}]},"pages":[{"_class":"MSJSONFileReference","_ref_class":"MSImmutablePage","_ref":"pages\/01885026-8C90-40B5-9EBE-D0F8D08A7CF1"}],"userInfo":{"com.invisionlabs.sync":{"metadata":"{\"hasSynced\":0,\"hasProjectIdChanged\":0,\"projectId\":0,\"publicLink\":\"\",\"resolution\":2,\"syncAll\":1}"}}}