{"commit":"ccfe80c503964ae71043add2e10196b9e2249f67","pagesAndArtboards":{"01885026-8C90-40B5-9EBE-D0F8D08A7CF1":{"name":"Page 1","artboards":{"D1D1A6D2-C2E5-4F6D-92CC-F0BCCB2E8F90":{"name":"About Us-Mobile"},"7190E3BA-58C8-49BE-B60A-824E14E4D80E":{"name":"About Us-Tablet\/Desktop"}}}},"version":116,"fonts":["OpenSans-Bold","Oswald-Regular","OpenSans","Oswald-Bold"],"compatibilityVersion":99,"app":"com.bohemiancoding.sketch3","autosaved":0,"variant":"NONAPPSTORE","created":{"commit":"ccfe80c503964ae71043add2e10196b9e2249f67","appVersion":"53.1","build":72631,"app":"com.bohemiancoding.sketch3","compatibilityVersion":99,"version":116,"variant":"NONAPPSTORE"},"saveHistory":["NONAPPSTORE.72631"],"appVersion":"53.1","build":72631}